symbol,name,market,pe_ratio,dividend_yield
0050,元大台灣50,上市,N/A,N/A
0056,元大高股息,上市,N/A,N/A
006208,富邦台50,上市,N/A,N/A
00878,國泰永續高股息,上市,N/A,N/A
00919,群益台灣精選高息,上市,N/A,N/A
00929,復華台灣科技優息,上市,N/A,N/A
1101,台泥,上市,,3.16
1102,亞泥,上市,9.75,6.52
1103,嘉泥,上市,9.70,4.00
1104,環泥,上市,9.83,6.97
1108,幸福,上市,16.18,9.09
1109,信大,上市,19.28,6.77
1110,東泥,上市,23.15,2.09
1201,味全,上市,18.85,1.83
1203,味王,上市,20.62,2.31
1210,大成,上市,12.68,5.81
1213,大飲,上市,,
1215,卜蜂,上市,12.15,6.64
1216,統一,上市,17.85,4.06
1217,愛之味,上市,15.00,2.53
1218,泰山,上市,,9.13
1219,福壽,上市,,4.41
1220,台榮,上市,153.57,1.86
1225,福懋油,上市,116.19,
1227,佳格,上市,17.39,4.79
1229,聯華,上市,15.88,5.06
1231,聯華食,上市,16.11,3.14
1232,大統益,上市,17.05,4.68
1233,天仁,上市,30.00,0.72
1234,黑松,上市,20.06,5.02
1235,興泰,上市,,3.04
1236,宏亞,上市,,6.51
1240,茂生農經,上櫃,10.09,0.92
1256,鮮活果汁-KY,上市,10.83,3.92
1259,安心,上櫃,19.24,1.76
1264,德麥,上櫃,11.56,6.12
1268,漢來美食,上櫃,13.28,4.57
1294,漢田生技,上櫃,10.33,9.92
1295,生合,上櫃,11.50,6.33
1301,台塑,上市,39.39,0.77
1303,南亞,上市,39.84,0.32
1304,台聚,上市,,1.22
1305,華夏,上市,,0.83
1307,三芳,上市,9.21,7.13
1308,亞聚,上市,,1.42
1309,台達化,上市,,1.10
1310,台苯,上市,,
1312,國喬,上市,,
1313,聯成,上市,,0.83
1314,中石化,上市,,
1315,達新,上市,27.91,6.61
1316,上曜,上市,,
1319,東陽,上市,12.63,6.43
1321,大洋,上市,248.85,
1323,永裕,上市,16.69,4.25
1324,地球,上市,,
1325,恆大,上市,,
1326,台化,上市,28.60,0.89
1336,台翰,上櫃,23.13,1.50
1337,再生-KY,上市,,
1338,廣華-KY,上市,,2.10
1339,昭輝,上市,7.28,5.91
1340,勝悅-KY,上市,,
1341,富林-KY,上市,12.20,6.67
1342,八貫,上市,14.29,5.94
1402,遠東新,上市,14.38,4.50
1409,新纖,上市,11.07,3.70
1410,南染,上市,33.01,0.83
1413,宏洲,上市,29.29,
1414,東和,上市,31.25,1.14
1416,廣豐,上市,9.62,5.02
1417,嘉裕,上市,15.76,3.11
1418,東華,上市,,
1419,新紡,上市,4.72,2.74
1423,利華,上市,10.07,10.48
1432,大魯閣,上市,2.93,13.38
1434,福懋,上市,19.57,2.78
1435,中福,上市,,
1436,華友聯,上市,12.59,14.23
1437,勤益控,上市,7.36,3.01
1438,三地開發,上市,8.17,0.95
1439,雋揚,上市,9.17,1.78
1440,南紡,上市,443.33,2.26
1441,大東,上市,,
1442,名軒,上市,15.73,8.92
1443,立益物流,上市,11.33,
1444,力麗,上市,,
1445,大宇,上市,,5.00
1446,宏和,上市,14.20,11.24
1447,力鵬,上市,,
1449,佳和,上市,,
1451,年興,上市,11.19,5.92
1452,宏益,上市,,1.87
1453,大將,上市,15.43,2.78
1454,台富,上市,,0.82
1455,集盛,上市,18.26,1.65
1456,怡華,上市,5.03,
1457,宜進,上市,10.59,6.99
1459,聯發,上市,6.20,1.25
1460,宏遠,上市,,
1463,強盛新,上市,,0.74
1464,得力,上市,11.98,2.52
1465,偉全,上市,19.91,2.60
1466,聚隆,上市,,1.35
1467,南緯,上市,30.88,
1468,昶和,上市,14.78,
1470,大統新創,上市,18.04,2.77
1471,首利,上市,46.50,
1472,三洋實業,上市,13.77,6.81
1473,台南,上市,55.14,2.59
1474,弘裕,上市,37.22,2.49
1475,業旺,上市,6.63,5.81
1476,儒鴻,上市,11.31,5.49
1477,聚陽,上市,12.97,7.89
1503,士電,上市,26.72,2.58
1504,東元,上市,24.82,2.92
1506,正道,上市,191.40,
1512,瑞利,上市,32.21,
1513,中興電,上市,18.79,3.59
1514,亞力,上市,27.95,2.16
1515,力山,上市,19.66,2.05
1516,川飛,上市,1350.00,
1517,利奇,上市,,1.93
1519,華城,上市,45.03,1.74
1521,大億,上市,16.07,2.94
1522,堤維西,上市,27.66,4.52
1524,耿鼎,上市,12.67,5.42
1525,江申,上市,43.33,4.40
1526,日馳,上市,,
1527,鑽全,上市,15.45,4.60
1528,恩德,上市,,
1529,樂事綠能,上市,23.77,6.47
1530,亞崴,上市,14.07,3.78
1531,高林股,上市,42.96,8.62
1532,勤美,上市,17.97,3.62
1533,車王電,上市,11.30,
1535,中宇,上市,12.05,6.59
1536,和大,上市,,
1537,廣隆,上市,13.97,6.23
1538,正峰,上市,,
1539,巨庭,上市,18.39,
1540,喬福,上市,15.86,5.17
1541,錩泰,上市,7.78,
1558,伸興,上市,14.20,4.39
1560,中砂,上市,81.29,0.52
1563,巧新,上市,71.79,2.63
1565,精華,上櫃,12.02,6.01
1568,倉佑,上市,17.14,3.09
1569,濱川,上櫃,N/A,0.00
1570,力肯,上櫃,48.12,3.01
1580,新麥,上櫃,8.47,8.75
1582,信錦,上市,21.84,4.28
1583,程泰,上市,10.72,2.13
1584,精剛,上櫃,32.50,1.37
1586,和勤,上櫃,48.38,0.00
1587,吉茂,上市,113.57,
1590,亞德客-KY,上市,23.25,2.41
1591,駿吉-KY,上櫃,N/A,0.00
1593,祺驊,上櫃,8.07,6.31
1595,川寶,上櫃,N/A,0.55
1597,直得,上市,71.81,0.48
1598,岱宇,上市,,2.46
1599,宏佳騰,上櫃,N/A,2.17
1603,華電,上市,10.77,6.66
1604,聲寶,上市,13.31,6.44
1605,華新,上市,11.02,1.38
1608,華榮,上市,3.05,5.68
1609,大亞,上市,14.21,1.82
1611,中電,上市,25.22,7.05
1612,宏泰,上市,9.06,7.07
1614,三洋電,上市,24.64,3.12
1615,大山,上市,8.24,6.10
1616,億泰,上市,41.59,7.43
1617,榮星,上市,16.10,2.74
1618,合機,上市,7.91,4.43
1623,大東電,上市,15.94,4.04
1626,艾美特-KY,上市,,
1702,南僑,上市,49.92,4.86
1707,葡萄王,上市,11.08,6.98
1708,東鹼,上市,12.59,3.08
1709,和益,上市,21.89,2.27
1710,東聯,上市,,
1711,永光,上市,311.92,
1712,興農,上市,14.94,6.31
1713,國化,上市,8.82,7.42
1714,和桐,上市,13.35,1.14
1717,長興,上市,38.16,1.38
1718,中纖,上市,17.88,
1720,生達,上市,9.76,5.35
1721,國慶科技,上市,,
1722,台肥,上市,48.99,4.86
1723,中碳,上市,25.72,2.31
1725,元禎,上市,13.88,3.15
1726,永記,上市,11.89,4.86
1727,中華化,上市,171.74,0.13
1730,花仙子,上市,10.71,5.86
1731,美吾華,上市,13.81,5.85
1732,毛寶,上市,21.10,2.31
1733,五鼎,上市,15.50,4.41
1734,杏輝,上市,17.35,4.98
1735,日勝化,上市,17.14,3.24
1736,喬山,上市,11.57,3.52
1737,臺鹽,上市,15.36,4.67
1742,台蠟,上櫃,N/A,0.00
1752,南光,上市,15.44,5.10
1760,寶齡富錦,上市,21.47,3.71
1762,中化生,上市,,
1773,勝一,上市,20.89,2.39
1776,展宇,上市,20.00,3.30
1777,生泰,上櫃,9.95,5.41
1780,立弘,上櫃,15.24,4.94
1781,合世,上櫃,N/A,0.00
1783,和康生,上市,11.28,5.46
1784,訊聯,上櫃,56.67,1.44
1785,光洋科,上櫃,15.02,1.99
1786,科妍,上市,17.48,4.48
1788,杏昌,上櫃,14.55,5.47
1789,神隆,上市,371.00,1.56
1795,美時,上市,12.54,1.52
1796,金穎生技,上櫃,71.10,2.40
1799,易威,上櫃,N/A,0.00
1802,台玻,上市,66.98,
1805,寶徠,上市,83.75,
1806,冠軍,上市,49.63,1.89
1808,潤隆,上市,7.47,4.75
1809,中釉,上市,225.00,0.56
1810,和成,上市,6.48,0.84
1813,寶利徠,上櫃,49.13,0.00
1815,富喬,上櫃,33.62,0.86
1817,凱撒衛,上市,7.94,5.52
1903,士紙,上市,34.56,
1904,正隆,上市,11.18,1.86
1905,華紙,上市,,
1906,寶隆,上市,17.70,
1907,永豐餘,上市,16.41,3.58
1909,榮成,上市,43.70,
2002,中鋼,上市,,0.80
2006,東和鋼鐵,上市,11.34,5.04
2007,燁興,上市,,
2008,高興昌,上市,47.66,3.28
2009,第一銅,上市,38.01,1.02
2010,春源,上市,8.94,8.91
2012,春雨,上市,,2.12
2013,中鋼構,上市,12.60,5.83
2014,中鴻,上市,,
2015,豐興,上市,14.74,5.23
2017,官田鋼,上市,,
2020,美亞,上市,11.74,7.41
2022,聚亨,上市,,
2023,燁輝,上市,,
2024,志聯,上市,43.97,
2025,千興,上市,10.35,
2027,大成鋼,上市,9.30,3.18
2028,威致,上市,38.60,1.20
2029,盛餘,上市,18.46,2.71
2030,彰源,上市,17.04,1.50
2031,新光鋼,上市,7.07,5.47
2032,新鋼,上市,13.63,2.51
2033,佳大,上市,113.24,
2034,允強,上市,55.71,4.27
2035,唐榮,上櫃,N/A,0.00
2038,海光,上市,,
2049,上銀,上市,50.83,0.60
2059,川湖,上市,66.79,0.42
2061,風青,上櫃,52.92,0.00
2062,橋椿,上市,64.29,5.56
2063,世鎧,上櫃,12.84,6.38
2064,晉椿,上櫃,595.00,0.00
2065,世豐,上櫃,9.33,4.22
2066,世德,上櫃,14.30,4.12
2067,嘉鋼,上櫃,N/A,0.00
2069,運錩,上市,10.35,3.77
2070,精湛,上櫃,23.02,2.37
2072,世紀風電,上市,8.90,5.38
2073,雄順,上櫃,N/A,1.19
2101,南港,上市,5.19,2.35
2102,泰豐,上市,1.90,
2103,台橡,上市,11.00,0.99
2104,國際中橡,上市,,
2105,正新,上市,16.54,5.98
2106,建大,上市,35.00,3.95
2107,厚生,上市,14.18,5.22
2108,南帝,上市,15.84,3.55
2109,華豐,上市,10.40,6.97
2114,鑫永銓,上市,14.31,5.57
2115,六暉-KY,上市,15.00,6.33
2201,裕隆,上市,32.81,1.92
2204,中華,上市,8.47,6.92
2206,三陽工業,上市,10.47,4.90
2207,和泰車,上市,12.44,3.95
2208,台船,上市,38.98,
2211,長榮鋼,上市,10.68,8.25
2221,大甲,上櫃,65.18,0.76
2227,裕日車,上市,,1.88
2228,劍麟,上市,18.47,6.00
2230,泰茂,上櫃,N/A,2.79
2231,為升,上市,,0.54
2233,宇隆,上市,24.74,2.38
2235,謚源,上櫃,20.59,5.36
2236,百達-KY,上市,,0.61
2237,華德動能-創,上市,8.73,
2239,英利-KY,上市,,
2241,艾姆勒,上市,,
2243,宏旭-KY,上市,48.10,
2247,汎德永業,上市,16.09,6.50
2248,華勝-KY,上市,8.51,5.06
2250,IKKA-KY,上市,21.76,5.28
2254,巨鎧精密-創,上市,,
2258,鴻華先進-創,上市,,
2301,光寶科,上市,32.87,1.78
2302,麗正,上市,42.34,0.77
2303,聯電,上市,23.08,1.70
2305,全友,上市,84.27,
2308,台達電,上市,58.40,0.63
2312,金寶,上市,25.80,1.95
2313,華通,上市,36.39,1.24
2314,台揚,上市,,
2316,楠梓電,上市,11.32,1.23
2317,鴻海,上市,16.51,2.86
2321,東訊,上市,625.00,
2323,中環,上市,3.53,1.87
2324,仁寶,上市,18.12,3.05
2327,國巨*,上市,36.90,1.09
2328,廣宇,上市,109.30,1.91
2329,華泰,上市,19.55,2.28
2330,台積電,上市,28.69,0.89
2331,精英,上市,18.51,
2332,友訊,上市,,
2337,旺宏,上市,28.08,
2338,光罩,上市,,
2340,台亞,上市,,
2342,茂矽,上市,,
2344,華邦電,上市,19.18,0.29
2345,智邦,上市,28.44,0.83
2347,聯強,上市,12.93,4.44
2348,海悅,上市,16.83,7.80
2349,錸德,上市,,
2351,順德,上市,55.12,0.48
2352,佳世達,上市,37.66,3.45
2353,宏碁,上市,18.69,4.14
2354,鴻準,上市,27.58,2.30
2355,敬鵬,上市,21.89,2.40
2356,英業達,上市,19.10,3.38
2357,華碩,上市,14.08,4.36
2359,所羅門,上市,19.15,0.78
2360,致茂,上市,55.74,0.89
2362,藍天,上市,7.68,4.28
2363,矽統,上市,109.63,1.03
2364,倫飛,上市,10.96,4.62
2365,昆盈,上市,51.09,1.07
2367,燿華,上市,,0.47
2368,金像電,上市,40.20,0.88
2369,菱生,上市,,
2371,大同,上市,,
2373,震旦行,上市,14.04,7.05
2374,佳能,上市,20.43,3.01
2375,凱美,上市,28.25,1.02
2376,技嘉,上市,13.55,3.31
2377,微星,上市,13.10,2.78
2379,瑞昱,上市,27.56,3.29
2380,虹光,上市,,
2382,廣達,上市,14.66,4.64
2383,台光電,上市,76.94,0.51
2385,群光,上市,11.73,6.89
2387,精元,上市,12.16,11.03
2388,威盛,上市,44.50,0.07
2390,云辰,上市,,
2392,正崴,上市,5.26,2.45
2393,億光,上市,13.56,7.08
2395,研華,上市,46.23,1.53
2397,友通,上市,23.08,3.89
2399,映泰,上市,12.39,
2401,凌陽,上市,260.50,
2402,毅嘉,上市,34.07,3.51
2404,漢唐,上市,18.40,3.28
2405,輔信,上市,,0.66
2406,國碩,上市,168.33,
2408,南亞科,上市,19.64,0.27
2409,友達,上市,146.04,1.14
2412,中華電,上市,28.29,3.61
2413,環科,上市,13.60,0.98
2414,精技,上市,12.92,5.65
2415,錩新,上市,17.36,5.83
2417,圓剛,上市,27.84,0.65
2419,仲琦,上市,725.00,
2420,新巨,上市,12.06,5.57
2421,建準,上市,17.58,3.20
2423,固緯,上市,17.06,3.47
2424,隴華,上市,,
2425,承啟,上市,21.04,0.27
2426,鼎元,上市,998.00,0.10
2427,三商電,上市,16.37,3.01
2428,興勤,上市,17.87,2.35
2429,銘旺科,上市,,
2430,燦坤,上市,36.94,4.42
2431,聯昌,上市,,
2432,倚天酷碁-創,上市,12.57,6.15
2433,互盛電,上市,13.29,6.75
2434,統懋,上市,,
2436,偉詮電,上市,13.95,2.58
2438,翔耀,上市,,
2439,美律,上市,14.25,5.22
2440,太空梭,上市,101.07,
2441,超豐,上市,22.59,2.47
2442,新美齊,上市,2.82,19.09
2444,兆勁,上市,,
2449,京元電子,上市,38.60,0.51
2450,神腦,上市,17.41,5.50
2451,創見,上市,4.98,4.12
2453,凌群,上市,16.93,5.23
2454,聯發科,上市,81.09,1.09
2455,全新,上市,133.09,0.48
2457,飛宏,上市,,
2458,義隆,上市,12.64,5.20
2459,敦吉,上市,11.61,6.47
2460,建通,上市,,
2461,光群雷,上市,39.55,
2462,良得電,上市,32.54,1.01
2464,盟立,上市,505.26,0.24
2465,麗臺,上市,33.91,
2466,冠西電,上市,72.29,
2467,志聖,上市,54.29,1.01
2468,華經,上市,33.86,2.17
2471,資通,上市,10.60,6.45
2472,立隆電,上市,21.69,1.64
2474,可成,上市,13.67,5.00
2476,鉅祥,上市,20.24,2.39
2477,美隆電,上市,26.25,6.06
2478,大毅,上市,24.18,1.70
2480,敦陽科,上市,18.21,4.89
2481,強茂,上市,46.55,1.03
2482,連宇,上市,,0.61
2483,百容,上市,130.00,0.92
2484,希華,上市,55.32,0.91
2485,兆赫,上市,45.17,
2486,一詮,上市,204.31,0.21
2488,漢平,上市,10.00,6.16
2489,瑞軒,上市,29.57,2.92
2491,吉祥全,上市,1.26,
2492,華新科,上市,33.93,0.83
2493,揚博,上市,37.48,2.04
2495,普安,上市,19.19,2.05
2496,卓越,上市,9.15,9.07
2497,怡利電,上市,13.67,4.59
2498,宏達電,上市,16.60,1.16
2501,國建,上市,7.37,5.67
2504,國產,上市,9.58,8.51
2505,國揚,上市,8.56,5.90
2506,太設,上市,23.36,2.38
2509,全坤建,上市,,
2511,太子,上市,23.77,3.61
2514,龍邦,上市,29.23,
2515,中工,上市,24.58,4.24
2516,新建,上市,9.93,
2520,冠德,上市,11.01,4.38
2524,京城,上市,41.77,
2527,宏璟,上市,8.50,3.10
2528,皇普,上市,7.85,15.54
2530,華建,上市,30.45,11.49
2534,宏盛,上市,338.00,8.88
2535,達欣工,上市,8.73,5.16
2536,宏普,上市,4.61,10.44
2537,聯上發,上市,28.13,
2538,基泰,上市,14.52,5.74
2539,櫻花建,上市,8.08,8.24
2540,愛山林,上市,,12.61
2542,興富發,上市,8.94,10.36
2543,皇昌,上市,13.20,4.01
2545,皇翔,上市,35.68,8.26
2546,根基,上市,7.09,5.66
2547,日勝生,上市,82.08,8.12
2548,華固,上市,7.45,9.22
2596,綠意,上櫃,12.86,4.27
2597,潤弘,上市,14.32,5.79
2603,長榮,上市,9.44,6.72
2605,新興,上市,7.22,2.82
2606,裕民,上市,10.83,3.81
2607,榮運,上市,10.60,5.08
2608,嘉里大榮,上市,14.87,5.78
2609,陽明,上市,13.15,3.42
2610,華航,上市,9.31,4.03
2611,志信,上市,7.94,3.70
2612,中航,上市,11.81,3.62
2613,中櫃,上市,16.50,4.56
2614,東森,上市,9.20,6.37
2615,萬海,上市,7.62,2.70
2616,山隆,上市,,2.27
2617,台航,上市,8.40,4.80
2618,長榮航,上市,8.74,4.82
2630,亞航,上市,81.23,1.94
2633,台灣高鐵,上市,20.86,4.52
2634,漢翔,上市,30.48,1.24
2636,台驊控股,上市,10.00,7.10
2637,慧洋-KY,上市,10.57,3.68
2640,大車隊,上櫃,16.49,5.10
2641,正德,上櫃,7.58,2.86
2642,宅配通,上市,,2.46
2643,捷迅,上櫃,8.72,7.19
2645,長榮航太,上市,21.94,2.91
2646,星宇航空,上市,,
2701,萬企,上市,17.37,2.73
2702,華園,上市,15.62,
2704,國賓,上市,16.92,1.11
2705,六福,上市,20.34,
2706,第一店,上市,17.79,2.89
2707,晶華,上市,12.12,6.14
2712,遠雄來,上市,,
2718,全心投控,上櫃,3.89,13.77
2719,燦星旅,上櫃,28.62,0.00
2722,夏都,上市,,
2723,美食-KY,上市,,
2724,藝舍-KY,上櫃,N/A,0.00
2726,雅茗-KY,上櫃,N/A,0.00
2727,王品,上市,13.06,6.86
2729,瓦城,上櫃,25.62,4.44
2731,雄獅,上市,8.80,8.95
2732,六角,上櫃,18.34,5.55
2734,易飛網,上櫃,N/A,0.00
2736,富野,上櫃,N/A,0.00
2739,寒舍,上市,9.00,7.12
2740,華軒,上櫃,N/A,0.00
2743,山富,上櫃,14.48,6.00
2745,五福,上櫃,8.62,8.83
2748,雲品,上市,15.24,4.52
2751,王座,上櫃,10.44,7.57
2752,豆府,上櫃,10.86,7.63
2753,八方雲集,上市,12.76,6.70
2754,亞洲藏壽司,上櫃,15.49,1.47
2755,揚秦,上櫃,13.89,5.98
2756,聯發國際,上櫃,14.92,5.25
2762,世界健身-KY,上市,12.01,7.53
2801,彰銀,上市,16.18,3.82
2812,台中銀,上市,11.19,5.64
2816,旺旺保,上市,3.47,3.76
2820,華票,上市,9.97,5.34
2832,台產,上市,9.45,6.16
2834,臺企銀,上市,12.94,5.68
2836,高雄銀,上市,15.79,3.75
2838,聯邦銀,上市,13.17,5.16
2845,遠東銀,上市,12.97,4.81
2849,安泰銀,上市,15.98,3.29
2850,新產,上市,10.47,4.52
2851,中再保,上市,4.46,4.68
2852,第一保,上市,8.50,5.99
2855,統一證,上市,5.76,3.80
2880,華南金,上市,19.44,3.23
2881,富邦金,上市,14.16,2.81
2882,國泰金,上市,13.15,3.14
2883,凱基金,上市,13.62,2.57
2884,玉山金,上市,18.63,3.12
2885,元大金,上市,16.09,3.20
2886,兆豐金,上市,19.11,3.56
2887,台新新光金,上市,15.48,2.63
2889,國票金,上市,13.44,3.60
2890,永豐金,上市,16.57,2.96
2891,中信金,上市,16.44,3.64
2892,第一金,上市,18.04,3.37
2897,王道銀行,上市,13.69,4.75
2901,欣欣,上市,54.09,1.55
2903,遠百,上市,14.70,5.71
2904,匯僑,上市,24.23,5.56
2905,三商,上市,6.64,1.67
2906,高林,上市,16.02,4.51
2908,特力,上市,17.64,2.53
2910,統領,上市,12.62,4.50
2911,麗嬰房,上市,1.52,
2912,統一超,上市,19.10,4.25
2913,農林,上市,,
2915,潤泰全,上市,4.21,3.25
2916,滿心,上櫃,10.45,8.88
2923,鼎固-KY,上市,,0.50
2924,宏太-KY,上櫃,N/A,0.00
2926,誠品生活,上櫃,47.94,1.52
2929,淘帝-KY,上市,,
2937,集雅社,上櫃,10.96,6.94
2938,床的世界,上櫃,12.83,3.32
2939,永邑-KY,上市,,
2941,米斯特,上櫃,13.19,7.35
2945,三商家購,上市,21.63,3.77
2947,振宇五金,上櫃,18.39,1.65
2948,寶陞,上櫃,17.31,6.02
2949,欣新網,上櫃,19.46,2.95
3002,歐格,上市,189.00,1.75
3003,健和興,上市,24.07,1.68
3004,豐達科,上市,18.27,2.17
3005,神基,上市,13.90,5.80
3006,晶豪科,上市,8.99,0.35
3008,大立光,上市,32.02,1.33
3010,華立,上市,11.17,4.24
3011,今皓,上市,,
3013,晟銘電,上市,16.09,0.95
3014,聯陽,上市,14.49,5.92
3015,全漢,上市,21.14,4.10
3016,嘉晶,上市,143.75,0.29
3017,奇鋐,上市,45.32,0.61
3018,隆銘綠能,上市,,
3019,亞光,上市,22.85,3.39
3021,鴻名,上市,38.95,2.03
3022,威強電,上市,12.35,3.76
3023,信邦,上市,23.00,3.25
3024,憶聲,上市,355.00,1.55
3025,星通,上市,11.15,6.11
3026,禾伸堂,上市,77.66,0.73
3027,盛達,上市,,
3028,增你強,上市,8.73,4.78
3029,零壹,上市,16.76,4.68
3030,德律,上市,20.91,2.54
3031,佰鴻,上市,34.34,3.20
3032,偉訓,上市,,
3033,威健,上市,9.23,4.57
3034,聯詠,上市,18.84,4.26
3035,智原,上市,82.68,0.86
3036,文曄,上市,10.65,3.76
3037,欣興,上市,77.56,0.17
3038,全台,上市,13.44,5.91
3040,遠見,上市,,10.34
3041,揚智,上市,,
3042,晶技,上市,36.01,2.30
3043,科風,上市,,
3044,健鼎,上市,22.32,2.44
3045,台灣大,上市,22.87,3.92
3046,建碁,上市,11.05,5.60
3047,訊舟,上市,,
3048,益登,上市,10.85,1.96
3049,精金,上市,36.82,
3050,鈺德,上市,21.98,2.15
3051,力特,上市,12.80,2.21
3052,夆典,上市,9.24,5.80
3054,立萬利,上市,12.10,1.36
3055,蔚華科,上市,,0.25
3056,富華新,上市,,4.48
3057,喬鼎,上市,,
3058,立德,上市,,
3059,華晶科,上市,30.04,2.64
3060,銘異,上市,40.97,0.73
3062,建漢,上市,,
3064,泰偉,上櫃,N/A,0.00
3066,李洲,上櫃,4.87,0.00
3067,全域,上櫃,563.33,0.00
3071,協禧,上櫃,39.74,3.47
3073,天方能源,上櫃,N/A,0.00
3078,僑威,上櫃,12.82,8.67
3081,聯亞,上櫃,231.93,0.15
3083,網龍,上櫃,30.96,1.46
3085,新零售,上櫃,N/A,0.00
3086,華義*,上櫃,N/A,0.00
3088,艾訊,上櫃,16.73,2.20
3090,日電貿,上市,21.32,2.98
3092,鴻碩,上市,,
3093,港建*,上櫃,45.61,2.57
3094,聯傑,上市,96.29,0.42
3095,及成,上櫃,13.79,0.00
3105,穩懋,上櫃,63.69,0.37
3114,好德,上櫃,10.71,4.05
3115,富榮綱,上櫃,N/A,0.00
3118,進階,上櫃,13.38,7.03
3122,笙泉,上櫃,N/A,0.00
3128,昇銳,上櫃,17.70,4.91
3130,一零四,上市,12.58,7.03
3131,弘塑,上櫃,44.71,1.83
3135,凌航,上市,6.75,2.39
3138,耀登,上市,38.93,1.58
3141,晶宏,上櫃,27.97,0.42
3147,大綜,上櫃,15.13,2.67
3149,正達,上市,,
3150,鈺寶-創,上市,,3.30
3152,璟德,上櫃,25.58,3.08
3158,嘉實,上櫃,11.81,7.66
3162,精確,上櫃,135.56,1.01
3163,波若威,上櫃,65.61,0.54
3164,景岳,上市,20.75,4.82
3167,大量,上市,63.32,0.43
3168,眾福科,上市,14.58,7.12
3169,亞信,上櫃,30.18,2.78
3171,炎洲流通,上櫃,9.74,7.89
3176,基亞,上櫃,N/A,0.00
3178,公準,上櫃,216.88,0.00
3188,鑫龍騰,上櫃,3.30,13.71
3189,景碩,上市,177.18,0.16
3191,雲嘉南,上櫃,21.20,0.00
3205,佰研,上櫃,N/A,0.00
3206,志豐,上櫃,20.20,4.29
3207,耀勝,上櫃,N/A,0.00
3209,全科,上市,7.60,5.49
3211,順達,上櫃,53.71,2.88
3213,茂訊,上櫃,12.98,5.62
3217,優群,上櫃,10.30,7.69
3218,大學光,上櫃,9.99,5.74
3219,倚強科,上櫃,39.61,1.03
3221,台嘉碩,上櫃,50.69,0.54
3224,三顧,上櫃,N/A,0.00
3226,龍鋒,上櫃,335.56,0.00
3227,原相,上櫃,15.61,5.41
3228,金麗科,上櫃,N/A,0.00
3229,晟鈦,上市,42.93,
3230,錦明,上櫃,N/A,0.00
3231,緯創,上市,14.73,2.96
3232,昱捷,上櫃,29.44,2.39
3234,光環,上櫃,N/A,0.00
3236,千如,上櫃,61.32,1.13
3252,海灣,上櫃,N/A,0.00
3257,虹冠電,上市,19.49,5.68
3259,鑫創,上櫃,N/A,0.00
3260,威剛,上櫃,4.88,4.50
3264,欣銓,上櫃,31.79,1.72
3265,台星科,上櫃,26.09,2.20
3266,昇陽,上市,28.65,3.64
3268,海德威,上櫃,N/A,0.00
3272,東碩,上櫃,N/A,0.00
3276,宇環,上櫃,63.86,0.43
3284,太普高,上櫃,8.22,2.51
3285,微端,上櫃,22.55,1.20
3287,廣寰科,上櫃,5.29,3.56
3288,點晶,上櫃,N/A,0.00
3289,宜特,上櫃,30.59,3.20
3290,東浦,上櫃,8.82,2.87
3293,鈊象,上櫃,18.21,4.57
3294,英濟,上櫃,N/A,0.00
3296,勝德,上市,,
3297,杭特,上櫃,36.22,0.00
3303,岱稜,上櫃,9.71,6.17
3305,昇貿,上市,18.93,2.18
3306,鼎天,上櫃,109.20,3.54
3308,聯德,上市,14.05,
3310,佳穎,上櫃,26.46,5.09
3311,閎暉,上市,21.08,1.57
3312,弘憶股,上市,13.26,2.55
3313,斐成,上櫃,N/A,0.00
3317,尼克森,上櫃,32.44,0.77
3321,同泰,上市,,
3322,建舜電,上櫃,N/A,0.00
3323,加百裕,上櫃,N/A,0.00
3324,雙鴻,上櫃,35.29,0.78
3325,旭品,上櫃,N/A,0.00
3332,幸康,上櫃,16.13,3.14
3338,泰碩,上市,58.03,1.91
3339,泰谷,上櫃,N/A,0.00
3346,麗清,上市,,0.46
3349,寶德,上櫃,N/A,0.00
3354,律勝,上櫃,N/A,0.00
3356,奇偶,上市,4.68,5.34
3357,臺慶科,上櫃,19.18,2.49
3360,尚立,上櫃,1535.00,0.00
3362,先進光,上櫃,N/A,0.00
3363,上詮,上櫃,N/A,0.00
3372,典範,上櫃,N/A,0.00
3373,熱映,上櫃,N/A,6.88
3374,精材,上櫃,71.35,0.55
3376,新日興,上市,118.28,2.33
3379,彬台,上櫃,27.16,4.33
3380,明泰,上市,225.71,1.58
3388,崇越電,上櫃,15.71,3.91
3390,旭軟,上櫃,N/A,0.88
3402,漢科,上櫃,18.94,4.41
3406,玉晶光,上市,23.86,1.93
3413,京鼎,上市,14.49,3.77
3416,融程電,上市,18.82,3.15
3419,譁裕,上市,,
3430,奇鈦科,上櫃,24.08,1.43
3432,台端,上市,,
3434,哲固,上櫃,84.86,3.82
3437,榮創,上市,,
3438,類比科,上櫃,41.82,2.42
3441,聯一光,上櫃,75.93,0.46
3443,創意,上市,203.15,0.25
3444,利機,上櫃,40.85,2.21
3447,展達,上市,13.92,4.05
3450,聯鈞,上市,106.49,0.19
3455,由田,上櫃,74.79,1.31
3465,進泰電子,上櫃,N/A,0.00
3466,德晉,上櫃,N/A,0.00
3467,台灣精材,上櫃,64.09,0.68
3479,安勤,上櫃,18.66,3.40
3481,群創,上市,63.78,2.01
3483,力致,上櫃,27.18,3.79
3484,崧騰,上櫃,13.45,5.37
3485,敘豐,上櫃,35.24,2.15
3489,森寶,上櫃,N/A,12.85
3490,單井,上櫃,7.02,1.13
3491,昇達科,上櫃,119.24,0.45
3492,長盛,上櫃,14.84,5.74
3494,誠研,上市,,
3498,陽程,上櫃,52.16,0.00
3499,環天科,上櫃,N/A,0.00
3501,維熹,上市,21.68,5.33
3504,揚明光,上市,,
3508,位速,上櫃,N/A,0.00
3511,矽瑪,上櫃,N/A,0.00
3512,皇龍,上櫃,10.16,9.38
3515,華擎,上市,13.63,5.21
3516,亞帝歐,上櫃,36.81,0.79
3518,柏騰,上市,17.73,
3520,華盈,上櫃,N/A,0.00
3521,台鋼建設,上櫃,6.93,0.00
3522,御嵿,上櫃,N/A,0.00
3523,迎輝,上櫃,N/A,0.00
3526,凡甲,上櫃,15.32,6.19
3527,聚積,上櫃,N/A,1.88
3528,安馳,上市,9.32,1.63
3529,力旺,上櫃,110.87,0.62
3530,晶相光,上市,18.84,1.37
3531,先益,上櫃,15.83,2.39
3532,台勝科,上市,349.23,0.22
3533,嘉澤,上市,20.85,2.04
3535,晶彩科,上市,51.91,
3537,堡達,上櫃,11.61,3.75
3540,曜越,上櫃,26.19,1.12
3541,西柏,上櫃,76.25,0.00
3543,州巧,上市,,1.20
3545,敦泰,上市,,1.56
3546,宇峻,上櫃,14.46,3.44
3548,兆利,上櫃,208.92,1.29
3550,聯穎,上市,218.33,
3551,世禾,上櫃,19.97,2.56
3552,同致,上櫃,N/A,1.13
3555,博士旺,上櫃,19.62,0.00
3556,禾瑞亞,上櫃,15.79,3.36
3557,嘉威,上市,,1.32
3558,神準,上櫃,58.41,2.40
3563,牧德,上市,46.60,1.76
3564,其陽,上櫃,140.56,0.53
3567,逸昌,上櫃,23.60,3.82
3570,大塚,上櫃,11.68,5.81
3576,聯合再生,上市,33.24,
3577,泓格,上櫃,27.01,1.70
3580,友威科,上櫃,68.21,1.09
3581,博磊,上櫃,50.00,0.51
3583,辛耘,上市,43.74,0.81
3587,閎康,上櫃,36.25,1.76
3588,通嘉,上市,45.13,0.93
3591,艾笛森,上市,,
3592,瑞鼎,上市,13.21,6.49
3593,力銘,上市,,
3594,磐儀,上櫃,37.72,0.83
3596,智易,上市,11.81,5.86
3597,映興,上櫃,35.13,1.42
3605,宏致,上市,48.03,0.86
3607,谷崧,上市,29.15,5.84
3609,三一東林,上櫃,3.55,0.00
3611,鼎翰,上櫃,8.86,5.46
3615,安可,上櫃,14.68,1.53
3617,碩天,上市,11.52,4.13
3622,洋華,上市,8.75,7.17
3623,富晶通,上櫃,31.70,0.00
3624,光頡,上櫃,42.97,0.80
3625,西勝,上櫃,N/A,0.00
3628,盈正,上櫃,17.60,4.47
3629,地心引力,上櫃,N/A,0.00
3630,新鉅科,上櫃,N/A,0.00
3631,晟楠,上櫃,N/A,0.00
3632,研勤,上櫃,N/A,0.00
3645,達邁,上市,28.07,1.65
3646,艾恩特,上櫃,N/A,3.61
3652,精聯,上市,16.43,3.55
3653,健策,上市,155.61,0.32
3661,世芯-KY,上市,54.05,0.88
3663,鑫科,上櫃,294.78,0.00
3664,安瑞-KY,上櫃,N/A,0.00
3665,貿聯-KY,上市,44.90,0.62
3666,光耀,上櫃,N/A,0.00
3669,圓展,上市,11.00,3.08
3672,康聯訊,上櫃,N/A,0.00
3673,TPK-KY,上市,15.00,2.62
3675,德微,上櫃,57.69,1.21
3679,新至陞,上市,9.18,8.29
3680,家登,上櫃,37.32,1.24
3684,榮昌,上櫃,13.13,5.24
3685,元創精密,上櫃,N/A,0.00
3686,達能,上市,,
3687,歐買尬,上櫃,13.86,3.32
3689,湧德,上櫃,13.68,3.30
3691,碩禾,上櫃,43.61,0.00
3693,營邦,上櫃,44.55,1.16
3694,海華,上市,12.76,4.56
3701,大眾控,上市,,0.48
3702,大聯大,上市,9.85,3.17
3703,欣陸,上市,9.90,5.38
3704,合勤控,上市,12.05,0.99
3705,永信,上市,16.59,5.37
3706,神達,上市,14.09,5.07
3707,漢磊,上櫃,N/A,0.00
3708,上緯投控,上市,2.36,6.66
3709,鑫聯大投控,上櫃,5.77,3.31
3710,連展投控,上櫃,N/A,0.00
3711,日月光投控,上市,49.71,0.96
3712,永崴投控,上市,,
3713,新晶投控,上櫃,N/A,0.00
3714,富采,上市,,1.32
3715,定穎投控,上市,,0.87
3716,中化控股,上市,9.69,2.95
3717,聯嘉投控,上市,348.13,0.72
4102,永日,上櫃,N/A,0.00
4104,佳醫,上市,15.18,5.96
4105,東洋,上櫃,11.26,5.73
4106,雃博,上市,13.18,4.12
4107,邦特,上櫃,12.98,4.98
4108,懷特,上市,,
4109,加捷生醫,上櫃,368.33,1.81
4111,濟生,上櫃,9.15,4.50
4113,聯上,上櫃,N/A,0.00
4114,健喬,上櫃,18.24,5.57
4116,明基醫,上櫃,15.08,5.03
4119,旭富,上市,110.80,1.35
4120,友華,上櫃,N/A,8.71
4121,優盛,上櫃,N/A,0.00
4123,晟德,上櫃,23.50,7.19
4126,太醫,上櫃,13.06,5.76
4127,天良,上櫃,30.20,0.00
4128,中天,上櫃,17.25,0.00
4129,聯合,上櫃,14.58,5.40
4131,浩泰,上櫃,N/A,0.00
4133,亞諾法,上市,27.64,0.54
4137,麗豐-KY,上市,11.33,13.07
4138,曜亞,上櫃,14.84,7.73
4139,馬光-KY,上櫃,N/A,0.00
4142,國光生,上市,,
4147,中裕,上櫃,N/A,0.00
4148,全宇生技-KY,上市,11.58,3.13
4153,鈺緯,上櫃,19.18,6.36
4154,樂威科-KY,上櫃,N/A,0.00
4155,訊映,上市,8.49,2.05
4157,太景*-KY,上櫃,40.41,0.00
4160,訊聯基因,上櫃,58.36,1.27
4161,聿新科,上櫃,12.02,3.22
4162,智擎,上櫃,15.03,3.60
4163,鐿鈦,上櫃,23.09,2.57
4164,承業醫,上市,22.99,4.13
4166,友霖,上櫃,24.85,0.00
4167,松瑞藥,上櫃,5.98,7.48
4168,醣聯,上櫃,N/A,0.00
4169,泰宗,上市,,0.22
4171,瑞基,上櫃,N/A,0.00
4173,久裕,上櫃,21.63,6.01
4174,浩鼎,上櫃,N/A,0.00
4175,杏一,上櫃,13.46,5.88
4178,永笙-KY,上市,,
4183,福永生技,上櫃,N/A,0.00
4188,安克,上櫃,N/A,0.00
4190,佐登-KY,上市,,2.00
4192,杏國,上櫃,N/A,0.00
4195,基米-創,上市,,
4198,欣大健康,上櫃,N/A,0.00
4205,中華食,上櫃,17.25,5.11
4207,環泰,上櫃,10.29,6.20
4303,信立,上櫃,3.60,14.95
4304,勝昱,上櫃,N/A,0.00
4305,世坤,上櫃,8.57,7.43
4306,炎洲,上市,16.10,4.78
4401,東隆興,上櫃,12.30,4.32
4402,郡都開發,上櫃,N/A,0.00
4406,新昕纖,上櫃,N/A,0.00
4413,飛寶企業,上櫃,16.37,1.48
4414,如興,上市,54.07,1.36
4416,三圓,上櫃,4.27,0.00
4417,金洲,上櫃,9.53,7.06
4419,皇家美食,上櫃,N/A,0.00
4420,光明,上櫃,26.90,8.32
4426,利勤,上市,,
4430,耀億,上櫃,45.51,2.82
4432,銘旺實,上櫃,3.24,2.60
4433,興采,上櫃,16.12,5.54
4438,廣越,上市,8.33,4.06
4439,冠星-KY,上市,10.29,4.20
4440,宜新實業,上市,8.90,5.73
4441,振大環球,上市,9.42,6.35
4442,竣邦-KY,上櫃,11.11,6.29
4502,健信,上櫃,N/A,0.00
4503,金雨,上櫃,6.49,0.00
4506,崇友,上櫃,15.25,4.49
4510,高鋒,上櫃,46.32,0.00
4513,福裕,上櫃,N/A,0.00
4523,永彰,上櫃,0.89,11.05
4526,東台,上市,,3.11
4528,江興鍛,上櫃,N/A,1.34
4529,淳紳,上櫃,N/A,0.00
4530,天意能創,上櫃,1237.50,0.00
4532,瑞智,上市,13.25,5.99
4533,協易機,上櫃,42.75,0.69
4534,慶騰,上櫃,64.48,0.00
4535,至興,上櫃,19.01,2.96
4536,拓凱,上市,12.19,4.95
4538,大詠城,上櫃,44.49,5.76
4540,全球傳動,上市,,
4541,晟田,上櫃,15.67,2.27
4542,科嶠,上櫃,157.80,0.27
4543,萬在,上櫃,11.50,2.38
4545,銘鈺,上市,41.34,0.37
4549,桓達,上櫃,23.86,3.30
4550,長佳,上櫃,12.67,4.99
4551,智伸科,上市,18.84,2.34
4552,力達-KY,上市,13.46,3.91
4554,橙的,上櫃,10.05,7.08
4555,氣立,上市,41.19,1.20
4556,旭然,上櫃,94.86,0.59
4557,永新-KY,上市,,3.99
4558,寶緯,上櫃,18.83,0.00
4560,強信-KY,上市,9.92,6.81
4561,健椿,上櫃,25.26,0.46
4562,穎漢,上市,,
4563,百德,上櫃,N/A,0.00
4564,元翎,上市,,
4566,時碩工業,上市,29.05,0.93
4568,科際精密,上櫃,21.92,5.02
4569,六方科-KY,上市,17.17,2.11
4571,鈞興-KY,上市,17.04,3.46
4572,駐龍,上市,37.77,3.60
4576,大銀微系統,上市,73.48,0.33
4577,達航科技,上櫃,N/A,0.00
4580,捷流閥業,上櫃,13.52,4.89
4581,光隆精密-KY,上市,11.72,6.29
4582,聚恆-創,上市,9.69,3.56
4583,台灣精銳,上市,31.85,2.33
4584,君帆,上櫃,14.92,5.41
4585,達明,上市,104.32,0.34
4588,玖鼎電力,上市,15.32,5.42
4590,富田-創,上市,16.67,2.60
4609,唐鋒,上櫃,21.84,0.00
4702,中美實,上櫃,4.19,5.37
4706,大恭,上櫃,30.50,0.89
4707,磐亞,上櫃,23.53,1.65
4711,永純,上櫃,19.24,3.06
4714,永捷,上櫃,N/A,0.00
4716,大立,上櫃,29.05,0.00
4720,德淵,上市,34.20,2.09
4721,美琪瑪,上櫃,16.60,2.79
4722,國精化,上市,69.60,0.62
4726,永昕,上櫃,N/A,0.00
4728,雙美,上櫃,26.78,3.03
4729,熒茂,上櫃,45.89,0.00
4735,豪展,上櫃,6.48,5.54
4736,泰博,上市,4.71,3.95
4737,華廣,上市,,
4739,康普,上市,16.12,1.20
4741,泓瀚,上櫃,33.72,0.74
4743,合一,上櫃,362.69,0.00
4744,皇將,上櫃,19.34,3.42
4745,合富-KY,上櫃,N/A,0.00
4746,台耀,上市,12.05,6.29
4747,強生*,上櫃,24.08,2.22
4749,新應材,上櫃,59.43,1.04
4754,國碳科,上櫃,11.73,6.07
4755,三福化,上市,25.71,3.14
4760,勤凱,上櫃,26.90,1.79
4763,材料*-KY,上市,11.24,6.51
4764,雙鍵,上市,59.03,0.55
4766,南寶,上市,14.55,5.28
4767,誠泰科技,上櫃,10.97,3.90
4768,晶呈科技,上櫃,N/A,0.26
4770,上品,上市,27.34,2.09
4771,望隼,上市,13.94,3.30
4772,台特化,上櫃,48.56,1.12
4807,日成-KY,上市,11.66,
4903,聯光通,上櫃,33.52,0.70
4904,遠傳,上市,25.43,3.65
4905,台聯電,上櫃,6.18,1.96
4906,正文,上市,335.00,1.17
4907,富宇,上櫃,6.26,3.33
4908,前鼎,上櫃,82.47,0.48
4909,新復興,上櫃,49.19,0.00
4911,德英,上櫃,20.89,6.97
4912,聯德控股-KY,上市,31.95,0.96
4915,致伸,上市,12.83,7.20
4916,事欣科,上市,15.54,0.49
4919,新唐,上市,,
4923,力士,上櫃,N/A,0.00
4924,欣厚-KY,上櫃,20.63,0.00
4927,泰鼎-KY,上市,,
4930,燦星網,上市,,3.79
4931,新盛力,上櫃,42.28,0.99
4933,友輝,上櫃,7.55,5.31
4934,太極,上市,,
4935,茂林-KY,上市,24.55,3.06
4938,和碩,上市,15.31,4.42
4939,亞電,上櫃,96.28,0.30
4942,嘉彰,上市,11.02,6.26
4943,康控-KY,上市,,
4946,辣椒,上櫃,43.75,0.00
4949,有成精密,上市,19.95,1.84
4950,金耘國際,上櫃,19.81,0.00
4951,精拓科,上櫃,14.34,4.92
4952,凌通,上市,27.64,2.03
4953,緯致,上櫃,11.76,4.39
4956,光鋐,上市,97.87,
4958,臻鼎-KY,上市,58.99,0.69
4960,誠美材,上市,,
4961,天鈺,上市,20.73,4.18
4966,譜瑞-KY,上櫃,18.16,3.12
4967,十銓,上市,4.04,3.17
4968,立積,上市,25.08,1.72
4971,IET-KY,上櫃,134.41,0.16
4972,湯石照明,上櫃,N/A,0.00
4973,廣穎,上櫃,7.78,0.72
4974,亞泰,上櫃,14.55,5.49
4976,佳凌,上市,,
4977,眾達-KY,上市,50.60,1.29
4979,華星光,上櫃,93.13,0.38
4989,榮科,上市,,
4991,環宇-KY,上櫃,152.02,0.00
4994,傳奇,上市,57.96,3.65
4995,晶達,上櫃,14.35,3.95
4999,鑫禾,上市,,1.41
5007,三星,上市,15.65,5.42
5009,榮剛,上櫃,15.76,3.63
5011,久陽,上櫃,N/A,0.00
5013,強新,上櫃,17.69,1.81
5014,建錩,上櫃,N/A,4.88
5015,華祺,上櫃,14.50,2.28
5016,松和,上櫃,13.04,3.91
5201,凱衛,上櫃,N/A,1.67
5202,力新,上櫃,N/A,1.41
5203,訊連,上市,13.08,6.30
5205,中茂,上櫃,N/A,0.00
5206,坤悅,上櫃,7.85,6.61
5209,新鼎,上櫃,9.20,7.73
5210,寶碩,上櫃,27.82,0.00
5211,蒙恬,上櫃,N/A,0.00
5212,凌網,上櫃,7.71,8.59
5213,亞昕,上櫃,12.98,13.40
5215,科嘉-KY,上市,9.49,5.36
5220,萬達光電,上櫃,151.25,1.24
5222,全訊,上市,54.71,2.39
5223,安力-KY,上櫃,N/A,0.00
5225,東科-KY,上市,8.33,13.04
5227,立凱-KY,上櫃,N/A,0.00
5228,鈺鎧,上櫃,19.49,0.00
5230,雷笛克光學,上櫃,N/A,2.14
5234,達興材料,上市,38.42,2.02
5236,凌陽創新,上市,13.19,6.64
5243,乙盛-KY,上市,16.93,2.48
5244,弘凱,上市,,1.13
5245,智晶,上櫃,N/A,0.00
5251,天鉞電,上櫃,27.03,0.00
5258,虹堡,上市,9.32,2.45
5263,智崴,上櫃,42.23,0.00
5269,祥碩,上市,15.73,3.08
5272,笙科,上櫃,N/A,0.00
5274,信驊,上櫃,125.08,0.43
5276,達輝-KY,上櫃,16.76,4.55
5278,尚凡*,上櫃,21.01,5.11
5283,禾聯碩,上市,8.09,3.80
5284,jpp-KY,上市,19.00,1.67
5285,界霖,上市,29.29,1.66
5287,數字,上櫃,9.00,8.11
5288,豐祥-KY,上市,12.43,3.49
5289,宜鼎,上櫃,7.17,1.32
5291,邑昇,上櫃,50.49,0.00
5292,華懋,上市,21.13,2.97
5299,杰力,上櫃,12.76,3.57
5302,太欣,上櫃,N/A,0.00
5306,桂盟,上市,12.55,4.23
5309,系統電,上櫃,368.82,0.80
5310,天剛,上櫃,13.66,0.00
5312,寶島科,上櫃,12.28,7.23
5314,世紀*,上櫃,6.23,109.60
5315,光聯,上櫃,11.30,8.53
5321,美而快,上櫃,N/A,0.00
5324,士開,上櫃,N/A,0.00
5328,華容,上櫃,74.79,0.66
5340,建榮,上櫃,44.51,0.74
5344,立衛,上櫃,N/A,0.00
5345,馥鴻,上櫃,N/A,0.00
5347,世界,上櫃,39.18,2.47
5348,正能量智能,上櫃,N/A,0.00
5351,鈺創,上櫃,17.11,0.00
5353,台林,上櫃,15.72,3.51
5355,佳總,上櫃,N/A,0.00
5356,協益,上櫃,11.58,7.78
5364,力麗店,上櫃,N/A,0.00
5381,光譜,上櫃,29.94,0.00
5386,青雲,上櫃,4.11,2.24
5388,中磊,上市,16.04,3.49
5392,能率,上櫃,58.97,1.00
5398,慕康生醫,上櫃,138.50,0.00
5403,中菲,上櫃,11.81,7.00
5410,國眾,上櫃,9.69,6.30
5425,台半,上櫃,34.91,2.11
5426,振發,上櫃,45.16,1.05
5432,新門,上櫃,17.24,0.94
5434,崇越,上市,20.21,2.49
5438,東友,上櫃,N/A,4.32
5439,高技,上櫃,14.04,2.83
5443,均豪,上櫃,49.78,1.95
5450,南良,上櫃,21.45,1.69
5452,佶優,上櫃,49.82,0.91
5455,昇益,上櫃,N/A,0.00
5457,宣德,上櫃,32.47,6.16
5460,同協,上櫃,100.88,0.00
5464,霖宏,上櫃,187.66,0.00
5465,富驊,上櫃,20.66,3.63
5468,凱鈺,上櫃,N/A,0.00
5469,瀚宇博,上市,13.63,3.42
5471,松翰,上市,31.75,1.52
5474,聰泰,上櫃,28.03,2.44
5475,德宏,上櫃,139.15,0.00
5478,智冠,上櫃,11.93,7.72
5481,新華,上櫃,N/A,0.00
5483,中美晶,上櫃,23.13,1.69
5484,慧友,上市,29.07,
5487,通泰,上櫃,N/A,0.00
5488,松普,上櫃,N/A,0.50
5489,彩富,上櫃,20.36,3.53
5490,同亨,上櫃,12.45,5.85
5493,三聯,上櫃,16.15,2.98
5498,凱崴,上櫃,146.29,0.49
5508,永信建,上櫃,17.35,5.23
5511,德昌,上櫃,4.88,8.03
5512,力麒,上櫃,55.07,1.30
5514,三豐,上櫃,62.71,0.00
5515,建國,上市,5.34,6.26
5516,雙喜,上櫃,11.76,0.00
5519,隆大,上市,5.02,15.20
5520,力泰,上櫃,8.46,8.41
5521,工信,上市,11.05,1.43
5522,遠雄,上市,6.05,9.06
5523,豐謙,上櫃,N/A,1.65
5525,順天,上市,5.66,5.47
5529,鉅陞,上櫃,7.39,1.46
5530,龍巖,上櫃,14.58,0.00
5531,鄉林,上市,62.27,
5533,皇鼎,上市,23.47,4.33
5534,長虹,上市,12.95,6.90
5536,聖暉*,上櫃,22.96,2.18
5538,東明-KY,上市,8.14,4.24
5543,桓鼎-KY,上櫃,56.81,0.00
5546,永固-KY,上市,,7.09
5547,久舜,上櫃,10.33,9.63
5548,安倉,上櫃,10.13,9.32
5601,台聯櫃,上櫃,70.49,1.31
5603,陸海,上櫃,33.38,3.75
5604,中連,上櫃,29.71,6.41
5607,遠雄港,上市,14.22,3.47
5608,四維航,上市,167.00,
5609,中菲行,上櫃,10.20,7.17
5701,劍湖山,上櫃,N/A,0.00
5703,亞都,上櫃,16.28,0.00
5704,老爺知,上櫃,161.79,0.00
5706,鳳凰,上市,11.29,10.34
5864,致和證,上櫃,2.83,4.08
5871,中租-KY,上市,9.89,5.61
5876,上海商銀,上市,13.80,3.68
5878,台名,上櫃,15.08,6.34
5880,合庫金,上市,17.03,4.03
5902,德記,上櫃,16.51,4.78
5903,全家,上櫃,23.69,3.49
5904,寶雅*,上櫃,20.50,3.65
5905,南仁湖,上櫃,N/A,0.00
5906,台南-KY,上市,817.00,1.71
5907,大洋-KY,上市,,
6005,群益證,上市,5.88,5.40
6015,宏遠證,上櫃,4.11,3.06
6016,康和證,上櫃,3.18,5.78
6020,大展證,上櫃,5.76,1.31
6021,美好證,上櫃,3.72,4.79
6023,元大期,上櫃,9.39,6.47
6024,群益期,上市,8.29,5.76
6026,福邦證,上櫃,5.83,8.47
6028,公勝保經,上櫃,9.68,6.06
6101,寬魚國際,上櫃,27.50,0.00
6103,合邦,上櫃,95.75,0.00
6104,創惟,上櫃,19.26,4.92
6108,競國,上市,122.00,4.10
6109,亞元,上櫃,N/A,0.00
6111,光聚晶電,上櫃,N/A,0.00
6112,邁達特,上市,14.61,3.48
6113,亞矽,上櫃,37.13,0.00
6114,久威,上櫃,6.19,2.13
6115,鎰勝,上市,12.87,6.36
6116,彩晶,上市,,
6117,迎廣,上市,13.07,3.24
6118,建達,上櫃,100.31,0.00
6120,達運,上市,9.60,1.92
6121,新普,上櫃,11.39,5.78
6122,擎邦,上櫃,12.98,5.62
6123,上奇,上櫃,13.25,8.36
6124,業強,上櫃,52.31,0.00
6125,廣運,上櫃,172.07,1.00
6126,信音,上櫃,39.62,1.94
6127,九豪,上櫃,N/A,0.00
6128,上福,上市,,2.62
6129,普誠,上櫃,N/A,0.00
6130,上亞科技,上櫃,N/A,0.00
6133,金橋,上市,25.68,3.51
6134,萬旭,上櫃,36.96,0.68
6136,富爾特,上市,33.72,4.65
6138,茂達,上櫃,18.56,3.97
6139,亞翔,上市,14.75,3.14
6140,訊達,上櫃,N/A,0.00
6141,柏承,上市,,
6142,友勁,上市,,
6143,振曜,上櫃,10.29,7.41
6144,得利影,上櫃,N/A,0.00
6146,耕興,上櫃,15.91,6.61
6147,頎邦,上櫃,50.60,1.34
6148,驊宏資,上櫃,35.28,3.23
6150,撼訊,上櫃,15.59,0.94
6151,晉倫,上櫃,14.85,4.32
6152,百一,上市,,
6153,嘉聯益,上市,,
6154,順發,上櫃,12.46,3.59
6155,鈞寶,上市,35.56,1.25
6156,松上,上櫃,54.63,0.92
6158,禾昌,上櫃,N/A,0.00
6160,欣技,上櫃,N/A,0.00
6161,捷波,上櫃,12.50,4.27
6163,華電網,上櫃,46.85,1.39
6164,華興,上市,47.69,
6165,浪凡,上市,12.43,10.24
6166,凌華,上市,25.76,0.89
6167,久正,上櫃,N/A,0.00
6168,宏齊,上市,141.25,
6169,昱泉,上櫃,N/A,0.00
6170,統振,上櫃,9.95,8.22
6171,大城地產,上櫃,19.53,7.48
6173,信昌電,上櫃,54.33,0.62
6174,安碁,上櫃,35.83,0.75
6175,立敦,上櫃,22.49,4.26
6176,瑞儀,上市,11.15,3.88
6177,達麗,上市,5.10,6.49
6179,亞通,上櫃,49.73,1.38
6180,橘子,上櫃,N/A,2.48
6182,合晶,上櫃,578.26,0.00
6183,關貿,上市,20.11,3.92
6184,大豐電,上市,17.28,7.48
6185,幃翔,上櫃,54.35,3.14
6186,新潤,上櫃,5.75,17.18
6187,萬潤,上櫃,67.91,0.89
6188,廣明,上櫃,22.10,5.15
6189,豐藝,上市,12.40,5.38
6190,萬泰科,上櫃,31.01,2.75
6191,精成科,上市,14.48,3.13
6192,巨路,上市,10.59,5.30
6194,育富,上櫃,25.51,5.03
6195,詩肯,上櫃,15.03,3.54
6196,帆宣,上市,24.64,1.19
6197,佳必琪,上市,26.97,2.17
6198,瑞築,上櫃,N/A,0.00
6199,天品,上櫃,46.88,0.00
6201,亞弘電,上市,13.73,7.01
6202,盛群,上市,48.67,1.16
6203,海韻電,上櫃,9.13,6.67
6204,艾華,上櫃,85.83,0.49
6205,詮欣,上市,31.18,2.11
6206,飛捷,上市,15.80,3.85
6207,雷科,上櫃,99.34,0.40
6208,日揚,上櫃,17.88,2.63
6209,今國光,上市,35.28,0.61
6210,慶生,上櫃,N/A,0.00
6212,理銘,上櫃,16.74,0.00
6213,聯茂,上市,96.12,0.48
6214,精誠,上市,17.65,3.17
6215,和椿,上市,28.93,1.03
6216,居易,上市,52.70,5.28
6217,中探針,上櫃,N/A,0.00
6218,豪勉,上櫃,36.85,0.00
6219,富旺,上櫃,12.98,0.00
6220,岳豐,上櫃,21.72,2.78
6221,晉泰,上櫃,13.25,3.87
6222,立軒,上櫃,N/A,0.00
6223,旺矽,上櫃,109.74,0.43
6224,聚鼎,上市,67.67,1.54
6225,天瀚,上市,,
6226,光鼎,上市,,
6227,茂綸,上櫃,10.26,3.41
6228,全譜,上櫃,N/A,0.00
6229,研通,上櫃,22.20,2.48
6230,尼得科超眾,上市,,
6231,系微,上櫃,31.17,2.43
6233,旺玖,上櫃,103.64,3.29
6234,高僑,上櫃,38.22,0.63
6235,華孚,上市,24.13,3.09
6236,中湛,上櫃,1850.00,0.00
6237,驊訊,上櫃,N/A,0.27
6239,力成,上市,27.82,1.60
6240,松崗,上櫃,N/A,0.00
6241,鑫永洋,上櫃,22.03,0.00
6242,立康,上櫃,14.19,5.87
6243,迅杰,上市,,
6244,茂迪,上櫃,59.64,0.56
6245,立端,上櫃,20.05,4.33
6246,臺龍,上櫃,64.25,0.00
6248,沛波,上櫃,13.09,7.09
6257,矽格,上市,27.66,1.80
6259,百徽,上櫃,20.30,1.15
6261,久元,上櫃,15.42,3.16
6263,普萊德,上櫃,17.95,4.92
6264,富裔,上櫃,N/A,0.00
6265,方土昶,上櫃,5.93,0.00
6266,泰詠,上櫃,12.76,7.12
6269,台郡,上市,,
6270,倍微,上櫃,22.90,3.33
6271,同欣電,上市,25.53,1.32
6272,驊陞,上市,14.27,7.95
6274,台燿,上櫃,77.20,0.49
6275,元山,上櫃,18.64,4.22
6276,安鈦克,上櫃,N/A,0.00
6277,宏正,上市,18.53,4.56
6278,台表科,上市,21.88,2.57
6279,胡連,上櫃,9.87,4.89
6281,全國電,上市,13.73,6.45
6282,康舒,上市,35.08,1.87
6283,淳安,上市,,
6284,佳邦,上櫃,19.84,2.50
6285,啟碁,上市,25.47,1.85
6290,良維,上櫃,29.82,2.21
6291,沛亨,上櫃,43.18,1.20
6292,迅德,上櫃,12.09,2.70
6294,智基,上櫃,10.62,10.62
6405,悅城,上市,,
6409,旭隼,上市,33.98,4.19
6411,晶焱,上櫃,18.52,2.86
6412,群電,上市,12.21,4.99
6414,樺漢,上市,16.53,3.46
6415,矽力*-KY,上市,41.52,0.62
6416,瑞祺電通,上市,21.64,2.41
6417,韋僑,上櫃,15.62,2.35
6418,詠昇,上櫃,91.18,1.10
6419,京晨科,上櫃,5.25,0.00
6423,億而得,上櫃,120.99,1.16
6425,易發,上櫃,75.96,1.25
6426,統新,上市,89.39,0.14
6431,光麗-KY,上市,,
6432,今展科,上櫃,26.24,1.89
6435,大中,上櫃,18.90,2.98
6438,迅得,上市,28.08,3.09
6441,廣錠,上櫃,N/A,0.00
6442,光聖,上市,44.38,0.75
6443,元晶,上市,,
6446,藥華藥,上市,58.52,0.22
6449,鈺邦,上市,22.88,2.04
6451,訊芯-KY,上市,382.11,0.05
6456,GIS-KY,上市,,
6461,益得,上櫃,N/A,0.00
6462,神盾,上櫃,N/A,0.00
6464,台數科,上市,16.84,2.28
6465,威潤,上櫃,12.21,0.48
6469,大樹,上櫃,18.72,5.83
6470,宇智,上櫃,8.90,5.85
6472,保瑞,上市,34.83,2.37
6474,華豫寧,上櫃,10.50,7.00
6477,安集,上市,1136.67,1.03
6482,弘煜科,上櫃,12.91,8.51
6485,點序,上櫃,N/A,0.62
6486,互動,上櫃,16.79,7.44
6488,環球晶,上櫃,50.24,0.74
6491,晶碩,上市,16.93,2.47
6492,生華科,上櫃,N/A,0.00
6494,九齊,上櫃,17.38,1.93
6496,科懋,上櫃,N/A,0.00
6498,久禾光,上櫃,8.82,6.74
6499,益安,上櫃,N/A,0.00
6504,南六,上市,23.85,2.69
6505,台塑化,上市,16.37,1.27
6506,雙邦,上櫃,12.48,5.38
6508,惠光,上櫃,26.42,1.86
6509,聚和,上櫃,13.56,2.84
6510,精測,上櫃,72.29,0.50
6512,啟發電,上櫃,N/A,0.00
6515,穎崴,上市,92.91,0.87
6516,勤崴國際,上櫃,26.28,4.14
6517,保勝光學,上櫃,25.34,2.36
6523,達爾膚,上櫃,13.77,10.99
6525,捷敏-KY,上市,18.57,3.75
6526,達發,上市,45.15,1.66
6527,明達醫,上櫃,12.86,3.87
6530,創威,上櫃,43.36,1.91
6531,愛普*,上市,53.58,0.75
6532,瑞耘,上櫃,14.74,2.53
6533,晶心科,上市,,
6534,正瀚-創,上市,15.12,5.35
6535,順藥,上櫃,N/A,0.00
6538,倉和,上櫃,204.60,0.43
6541,泰福-KY,上市,,
6542,隆中,上櫃,92.05,0.05
6546,正基,上櫃,14.56,4.21
6547,高端疫苗,上櫃,N/A,0.00
6548,長科*,上櫃,32.52,1.87
6550,北極星藥業-KY,上市,,
6552,易華電,上市,,
6556,勝品,上櫃,8.03,5.64
6558,興能高,上市,,
6560,欣普羅,上櫃,26.61,0.00
6561,是方,上櫃,20.44,4.66
6568,宏觀,上櫃,28.44,1.40
6569,醫揚,上櫃,19.62,3.25
6570,維田,上櫃,18.79,2.31
6573,虹揚-KY,上市,10.97,
6574,霈方,上櫃,8.95,2.53
6576,逸達,上櫃,567.86,0.00
6577,勁豐,上櫃,11.07,6.25
6578,達邦蛋白,上櫃,N/A,2.43
6579,研揚,上市,21.52,2.38
6581,鋼聯,上市,14.65,4.91
6582,申豐,上市,81.05,
6584,南俊國際,上櫃,51.28,0.45
6585,鼎基,上市,13.34,4.35
6588,東典光電,上櫃,600.00,0.00
6589,台康生技,上市,,
6590,普鴻,上櫃,12.70,2.28
6591,動力-KY,上市,13.50,9.26
6592,和潤企業,上市,11.43,5.80
6593,台灣銘板,上櫃,N/A,0.00
6596,寬宏藝術,上櫃,4.87,19.22
6597,立誠,上櫃,43.48,1.46
6598,ABC-KY,上市,,
6603,富強鑫,上櫃,36.92,1.39
6605,帝寶,上市,8.52,4.71
6606,建德工業,上市,17.07,4.16
6609,瀧澤科,上櫃,N/A,0.00
6612,奈米醫材,上櫃,36.80,1.81
6613,朋億*,上櫃,16.20,3.65
6614,資拓宏宇,上市,17.49,4.69
6615,慧智,上櫃,50.76,0.00
6616,特昇-KY,上櫃,N/A,0.00
6617,共信-KY,上櫃,N/A,0.00
6620,漢達,上櫃,48.96,1.47
6624,萬年清,上櫃,72.17,0.75
6625,必應,上市,7.16,6.77
6629,泰金-KY,上櫃,9.06,5.99
6637,醫影,上櫃,9.78,8.36
6640,均華,上櫃,62.09,1.44
6641,基士德-KY,上市,20.93,2.36
6642,富致,上櫃,21.61,2.20
6643,M31,上櫃,584.21,0.21
6645,金萬林-創,上市,,
6649,台生材,上櫃,46.20,2.74
6651,全宇昕,上櫃,16.35,2.74
6654,天正國際,上櫃,76.33,0.00
6655,科定,上市,25.67,4.82
6657,華安,上市,,
6658,聯策,上市,43.93,0.66
6661,威健生技,上櫃,N/A,0.00
6662,樂斯科,上櫃,17.81,5.44
6664,群翊,上櫃,22.61,2.70
6666,羅麗芬-KY,上市,13.39,4.38
6667,信紘科,上櫃,17.91,4.47
6668,中揚光,上市,,
6669,緯穎,上市,6.73,7.82
6670,復盛應用,上市,11.15,5.86
6671,三能-KY,上市,10.53,5.25
6672,騰輝電子-KY,上市,50.68,1.00
6674,鋐寶科技,上市,,
6679,鈺太,上櫃,16.69,3.16
6680,鑫創電子,上櫃,55.21,0.58
6683,雍智科技,上櫃,70.98,0.57
6684,安格,上櫃,N/A,0.00
6689,伊雲谷,上市,29.41,3.11
6690,安碁資訊,上櫃,16.16,5.08
6691,洋基工程,上市,19.56,3.36
6692,進能服,上櫃,N/A,0.85
6693,廣閎科,上櫃,42.47,0.28
6695,芯鼎,上市,,
6697,東捷資訊,上櫃,13.50,6.30
6698,旭暉應材,上市,,1.47
6703,軒郁,上櫃,9.79,1.00
6706,惠特,上市,,
6708,天擎,上櫃,166.77,0.00
6712,長聖,上櫃,34.84,2.47
6715,嘉基,上市,297.37,0.43
6716,應廣,上櫃,18.36,1.40
6719,力智,上市,20.72,2.50
6720,久昌,上櫃,34.84,2.75
6721,信實,上櫃,9.88,6.60
6722,輝創,上市,15.83,6.19
6725,矽科宏晟,上櫃,16.55,3.21
6727,亞泰金屬,上櫃,45.37,0.93
6728,上洋,上櫃,11.95,5.96
6730,常廣,上櫃,16.93,4.69
6732,昇佳電子,上櫃,21.83,3.63
6733,博晟生醫,上櫃,N/A,0.00
6735,美達科技,上櫃,48.07,1.04
6739,竹陞科技,上櫃,48.07,1.15
6741,91APP*-KY,上櫃,12.27,3.73
6742,澤米,上市,,
6743,安普新,上市,28.02,9.65
6751,智聯服務,上櫃,7.71,6.74
6752,叡揚,上櫃,13.97,5.00
6753,龍德造船,上市,12.64,0.94
6754,匯僑設計,上市,12.51,8.45
6756,威鋒電子,上市,55.51,0.91
6757,台灣虎航,上市,9.27,4.53
6761,穩得,上櫃,22.24,3.64
6762,達亞,上櫃,316.00,0.63
6763,綠界科技*,上櫃,10.00,7.26
6767,台微醫,上櫃,N/A,0.00
6768,志強-KY,上市,12.53,8.26
6770,力積電,上市,24.10,
6771,平和環保-創,上市,14.51,7.66
6776,展碁國際,上市,11.85,5.78
6781,AES-KY,上市,23.89,1.89
6782,視陽,上市,14.21,3.58
6785,昱展新藥,上櫃,N/A,0.11
6788,華景電,上櫃,18.07,4.30
6789,采鈺,上市,91.32,0.63
6790,永豐實,上市,12.21,7.05
6791,虎門科技,上櫃,21.04,3.52
6792,詠業,上市,20.96,4.24
6794,向榮生技,上市,,
6796,晉弘,上市,143.61,0.48
6799,來頡,上市,17.50,2.77
6803,崑鼎,上櫃,14.42,5.91
6804,明係,上櫃,N/A,2.72
6805,富世達,上市,53.80,0.50
6807,峰源-KY,上市,10.85,7.84
6811,宏碁資訊,上櫃,14.90,4.37
6821,聯寶,上櫃,24.46,2.54
6823,濾能,上櫃,N/A,0.00
6829,千附精密,上櫃,39.04,1.68
6830,汎銓,上市,2132.00,0.19
6831,邁科,上市,88.81,0.61
6834,天二科技,上市,48.91,0.36
6835,圓裕,上市,103.00,3.27
6838,台新藥,上市,,
6840,東研信超,上櫃,46.00,1.01
6841,長佳智能,上櫃,87.76,1.70
6843,進典,上櫃,20.51,5.19
6844,諾貝兒,上櫃,17.53,6.96
6846,綠茵,上櫃,12.45,6.74
6854,錼創科技-KY創,上市,,
6855,數泓科,上櫃,11.72,4.74
6856,鑫傳,上櫃,13.95,7.14
6859,伯特光,上櫃,42.73,1.66
6861,睿生光電,上市,43.98,0.70
6862,三集瑞-KY,上市,20.35,3.62
6863,永道-KY,上市,33.75,1.56
6865,偉康科技,上櫃,N/A,4.81
6869,雲豹能源,上市,,2.82
6870,騰雲,上櫃,37.36,1.60
6872,浩宇生醫,上櫃,N/A,0.00
6873,泓德能源,上市,70.73,3.74
6874,倍力,上櫃,16.86,5.73
6875,國邑*,上櫃,N/A,0.00
6877,鏵友益,上櫃,N/A,0.40
6881,潤德,上櫃,10.50,8.62
6884,海柏特,上櫃,15.91,4.91
6885,全福生技,上市,,
6887,寶綠特-KY,上市,8.68,6.35
6890,來億-KY,上市,14.13,6.10
6894,衛司特,上櫃,22.91,2.35
6895,宏碩系統,上櫃,297.06,1.91
6899,創為精密,上櫃,11.32,5.62
6901,鑽石投資,上市,5.03,
6902,GOGOLOOK,上市,33.78,
6903,巨漢,上櫃,14.50,2.69
6904,伯鑫,上櫃,16.16,4.07
6906,現觀科,上市,34.88,2.15
6907,雅特力-KY,上櫃,37.75,0.53
6908,宏碁遊戲-創,上市,24.37,4.58
6909,創控,上市,31.54,2.38
6910,德鴻,上櫃,14.57,6.49
6913,鴻呈,上櫃,19.56,1.95
6914,阜爾運通,上市,12.00,6.69
6916,華凌,上市,,
6918,愛派司,上市,13.58,6.76
6919,康霈*,上市,,
6921,嘉雨思-創,上市,,
6922,宸曜,上櫃,23.07,2.19
6923,中台,上市,18.29,4.05
6924,榮惠-KY創,上市,16.23,3.70
6925,意藍,上櫃,25.36,2.71
6928,攸泰科技,上市,,
6929,佑全,上櫃,N/A,0.00
6931,青松健康,上市,10.28,1.24
6933,AMAX-KY,上市,46.90,0.66
6934,心誠鎂,上市,,
6936,永鴻生技,上市,14.28,4.76
6937,天虹,上市,67.99,0.45
6944,兆聯實業,上市,19.28,2.58
6945,圓祥生技,上櫃,N/A,0.00
6947,台鎔科技,上市,33.77,0.79
6949,沛爾生醫*-創,上市,,
6951,青新-創,上市,11.16,7.67
6952,大武山,上市,30.55,
6953,家碩,上櫃,25.18,2.45
6955,邦睿生技-創,上市,21.91,3.15
6957,裕慶-KY,上市,29.02,2.70
6958,日盛台駿,上市,,
6961,旅天下,上櫃,18.72,10.40
6962,奕力-KY,上市,21.82,3.14
6965,中傑-KY,上市,109.83,7.72
6967,汎瑋材料,上櫃,13.45,5.27
6968,萬達寵物,上櫃,16.32,3.62
6969,成信實業*-創,上市,351.67,
6971,惠民實業,上櫃,10.22,6.38
6982,大井泵浦,上櫃,N/A,3.62
6983,華洋精機,上櫃,85.71,0.86
6986,和迅,上櫃,19.75,0.50
6988,威力暘-創,上市,,
6994,富威電力,上市,4.87,11.28
6996,力領科技,上櫃,11.26,5.90
6997,博弘,上櫃,33.17,6.87
7402,邑錡,上櫃,N/A,0.49
7547,碩網,上櫃,20.97,2.74
7556,意德士,上櫃,30.68,1.71
7584,樂意,上櫃,N/A,1.43
7610,聯友金屬-創,上市,49.66,0.14
7631,聚賢研發-創,上市,13.02,2.72
7642,昶瑞機電,上櫃,27.73,4.38
7689,大鵬科CLMX,上市,13.33,3.47
7703,銳澤,上櫃,27.05,3.47
7704,明遠精密,上櫃,19.07,2.93
7705,三商餐飲,上市,12.24,5.38
7708,全家餐飲,上櫃,12.26,5.97
7709,榮田,上櫃,23.07,1.74
7711,永擎,上市,24.03,1.65
7712,博盛半導體,上櫃,23.23,2.48
7713,威力德生醫,上櫃,13.56,5.52
7714,創泓科技,上櫃,22.25,2.91
7715,裕山,上櫃,19.59,6.34
7716,昱臺國際,上櫃,14.14,7.11
7717,萊德光電-KY,上櫃,85.43,0.55
7718,友鋮,上櫃,8.30,5.46
7721,微程式,上市,67.91,1.62
7722,LINEPAY,上市,30.71,0.78
7723,築間,上櫃,N/A,0.00
7728,光焱科技,上櫃,105.87,0.76
7730,暉盛-創,上市,98.03,0.86
7732,金興精密,上市,17.63,4.48
7734,印能科技,上櫃,56.18,0.74
7736,虎山,上市,12.31,5.57
7738,東聯互動,上櫃,12.15,6.43
7740,熙特爾-創,上市,12.66,3.26
7743,金利食安,上櫃,21.74,2.00
7744,崴寶,上櫃,24.08,1.34
7747,昕奇雲端,上櫃,22.80,3.59
7749,意騰-KY,上市,26.69,2.33
7750,新代,上市,33.69,0.82
7751,竑騰,上櫃,62.98,1.11
7753,星亞,上櫃,8.09,4.21
7757,金色三麥,上櫃,11.12,8.59
7760,享溫馨,上市,49.63,6.02
7765,中華資安,上市,20.66,4.08
7767,仁大資訊,上櫃,10.22,6.48
7768,頌勝科技,上市,65.24,1.15
7769,鴻勁,上市,57.66,1.16
7770,君曜,上櫃,16.77,4.69
7772,耀穎,上櫃,222.78,0.85
7777,能率亞洲,上櫃,30.40,0.66
7780,大研生醫*,上市,30.28,8.97
7782,光速火箭,上櫃,11.53,7.97
7786,東方風能,上市,11.12,4.73
7788,松川精密,上市,34.60,0.70
7791,皇家可口,上市,13.29,6.88
7792,安葆,上櫃,38.34,1.89
7794,宏碁智新,上櫃,12.54,5.23
7795,長廣,上市,219.47,0.43
7799,禾榮科,上市,,
7803,雲象科技-創,上市,,
7805,威聯通,上櫃,10.41,8.10
7810,捷創科技,上櫃,26.86,2.13
7811,民盛,上櫃,10.62,7.71
7812,稜研科技*-創,上市,,
7814,海昌生技,上櫃,201.79,0.00
7818,溢泰實業,上市,12.51,3.41
7819,精誠金融,上櫃,19.48,5.16
7820,立盈,上櫃,48.04,1.36
7821,神數,上市,11.80,5.54
7822,倍利科,上市,55.08,0.65
7823,奧義賽博-KY創,上市,,
7825,和亞智慧,上櫃,41.99,1.66
7827,漢康-KY創,上市,,
7828,創新服務,上櫃,191.18,0.24
7835,永悅健康-創,上市,,
7839,達人網,上櫃,20.87,4.71
7842,天能綠電,上櫃,22.39,3.26
7855,和運租車,上市,8.77,7.76
7856,漢測,上櫃,157.52,0.02
8011,台通,上市,21.35,4.43
8016,矽創,上市,14.24,4.04
8021,尖點,上市,96.77,0.41
8024,佑華,上櫃,N/A,0.00
8027,鈦昇,上櫃,740.00,0.00
8028,昇陽半導體,上市,51.79,0.93
8032,光菱,上櫃,10.31,3.31
8033,雷虎,上市,352.08,
8034,榮群,上櫃,17.54,5.90
8038,長園科,上櫃,41.69,0.00
8039,台虹,上市,86.83,0.73
8040,九暘,上櫃,1231.25,0.00
8042,金山電,上櫃,29.19,1.07
8043,蜜望實,上櫃,31.60,0.69
8044,網家,上櫃,N/A,0.00
8045,達運光電,上市,62.09,1.87
8046,南電,上市,149.24,0.16
8047,星雲,上櫃,N/A,0.00
8048,德勝,上櫃,14.58,4.55
8049,晶采,上櫃,12.88,5.69
8050,廣積,上櫃,24.27,3.38
8054,安國,上櫃,N/A,0.00
8059,凱碩,上櫃,N/A,0.00
8064,東捷,上櫃,59.88,0.67
8066,來思達,上櫃,N/A,0.00
8067,志旭,上櫃,49.40,0.00
8068,全達,上櫃,N/A,0.00
8069,元太,上櫃,14.01,4.09
8070,長華*,上市,29.41,5.45
8071,能率網通,上櫃,N/A,0.00
8072,陞泰,上市,16.75,3.60
8074,鉅橡,上櫃,28.20,2.13
8076,伍豐,上櫃,155.71,3.21
8077,洛碁,上櫃,6.22,4.74
8080,泰霖,上櫃,N/A,0.00
8081,致新,上市,13.89,6.26
8083,瑞穎,上櫃,13.70,6.41
8084,巨虹,上櫃,N/A,0.00
8085,福華,上櫃,N/A,0.00
8086,宏捷科,上櫃,21.36,1.47
8087,麗升能源,上櫃,N/A,0.00
8088,品安,上櫃,14.85,3.38
8089,康全電訊,上櫃,N/A,0.00
8091,翔名,上櫃,22.70,1.94
8092,建暐,上櫃,84.00,0.00
8093,保銳,上櫃,N/A,0.00
8096,擎亞,上櫃,24.39,0.57
8097,常珵,上櫃,N/A,0.00
8099,大世科,上櫃,18.12,3.52
8101,華冠,上市,,
8102,傑霖科技,上櫃,23.77,1.67
8103,瀚荃,上市,20.45,2.39
8104,錸寶,上市,,
8105,凌巨,上市,17.33,
8107,大億金茂,上櫃,9.60,0.00
8109,博大,上櫃,18.17,3.33
8110,華東,上市,8.88,3.08
8111,立碁,上櫃,69.56,0.76
8112,至上,上市,6.26,4.59
8114,振樺電,上市,12.76,6.41
8121,越峰,上櫃,393.75,0.00
8131,福懋科,上市,17.86,1.62
8147,正淩,上櫃,61.91,1.91
8150,南茂,上市,32.55,1.18
8155,博智,上櫃,27.24,1.63
8162,微矽電子-創,上市,48.81,2.29
8163,達方,上市,50.25,1.66
8171,天宇,上櫃,N/A,0.00
8176,智捷,上櫃,31.48,0.00
8182,加高,上櫃,39.43,0.60
8201,無敵,上市,,
8210,勤誠,上市,22.99,1.60
8213,志超,上市,16.65,3.48
8215,明基材,上市,,1.07
8222,寶一,上市,26.15,0.99
8227,巨有科技,上櫃,71.94,0.46
8234,新漢,上櫃,N/A,0.64
8240,華宏,上櫃,24.38,2.27
8249,菱光,上市,19.14,5.33
8255,朋程,上櫃,21.78,2.38
8261,富鼎,上市,26.46,2.83
8271,宇瞻,上市,4.96,2.23
8272,全景軟體,上櫃,14.08,4.34
8277,商丞,上櫃,N/A,0.00
8279,生展,上櫃,9.35,6.41
8284,三竹,上櫃,10.40,5.89
8289,泰藝,上櫃,43.77,0.32
8291,尚茂,上櫃,N/A,0.00
8299,群聯,上櫃,9.85,1.08
8341,日友,上市,14.18,5.38
8342,益張,上櫃,11.06,5.99
8349,恒耀,上櫃,15.84,3.80
8354,冠好,上櫃,6.24,0.65
8358,金居,上櫃,73.77,0.40
8367,建新國際,上市,12.71,7.12
8374,羅昇,上市,,0.26
8383,千附,上櫃,13.85,3.65
8390,金益鼎,上櫃,10.02,4.20
8401,白紗科,上櫃,8.65,5.27
8403,盛弘,上櫃,16.06,3.17
8404,百和興業-KY,上市,15.65,3.80
8409,商之器,上櫃,17.65,0.00
8410,森田,上櫃,6.33,5.76
8411,福貞-KY,上市,35.00,0.84
8415,大國鋼,上櫃,8.87,4.26
8416,實威,上櫃,11.50,5.03
8421,旭源,上櫃,30.83,0.00
8422,可寧衛*,上市,26.56,4.71
8423,保綠-KY,上櫃,17.01,3.85
8424,惠普,上櫃,11.38,7.07
8426,紅木-KY,上櫃,9.69,3.87
8429,金麗-KY,上市,65.00,
8431,匯鑽科,上櫃,N/A,0.00
8432,東生華,上櫃,11.66,5.15
8433,弘帆,上櫃,7.26,7.95
8435,鉅邁,上櫃,10.41,5.99
8436,大江,上櫃,12.10,5.65
8437,大地-KY,上櫃,N/A,0.00
8438,昶昕,上市,22.10,1.63
8440,綠電,上櫃,20.56,0.98
8442,威宏-KY,上市,14.41,6.70
8443,阿瘦,上市,,
8444,綠河-KY,上櫃,N/A,0.00
8446,華研,上櫃,10.80,9.43
8450,霹靂,上櫃,N/A,0.00
8454,富邦媒,上市,22.71,4.24
8455,大拓-KY,上櫃,42.50,0.00
8462,柏文,上市,15.04,4.64
8463,潤泰材,上市,10.58,3.82
8464,億豐,上市,16.27,4.30
8466,美吉吉-KY,上市,,1.97
8467,波力-KY,上市,13.64,8.02
8472,納維康,上櫃,N/A,0.00
8473,山林水,上市,11.45,4.66
8476,台境*,上市,70.89,1.01
8477,創業家,上櫃,N/A,0.00
8478,東哥遊艇,上市,9.67,4.68
8481,政伸,上市,12.01,6.76
8482,商億-KY,上市,15.90,4.17
8487,愛爾達-創,上市,13.26,6.83
8488,吉源-KY,上市,,
8489,三貝德,上櫃,34.02,0.00
8499,鼎炫-KY,上市,24.18,3.11
8905,裕國,上櫃,42.78,2.05
8906,花王,上櫃,N/A,0.00
8908,欣雄,上櫃,19.12,4.47
8916,光隆,上櫃,14.25,7.39
8917,欣泰,上櫃,21.48,3.91
8921,沈氏,上櫃,N/A,1.58
8923,時報,上櫃,22.50,5.00
8924,大田,上櫃,17.98,8.70
8926,台汽電,上市,16.02,3.64
8927,北基,上櫃,20.38,1.63
8928,鉅明,上櫃,9.68,3.49
8929,富堡,上櫃,37.71,0.00
8930,青鋼,上櫃,11.06,7.65
8931,大汽電,上櫃,36.97,3.70
8932,智通*,上櫃,43.89,1.42
8933,愛地雅,上櫃,N/A,0.00
8935,邦泰,上櫃,N/A,0.00
8936,國統,上櫃,12.12,5.70
8937,合騏*,上櫃,436.67,0.00
8938,明安,上櫃,10.02,7.60
8940,新天地,上市,28.30,
8941,關中,上櫃,14.22,2.28
8942,森鉅,上櫃,7.58,2.49
8996,高力,上市,106.73,0.29
9802,鈺齊-KY,上市,12.76,7.88
9902,台火,上市,22.50,
9904,寶成,上市,5.25,5.24
9905,大華,上市,12.93,5.19
9906,欣巴巴,上市,11.46,0.20
9907,統一實,上市,15.47,8.03
9908,大台北,上市,13.76,4.15
9910,豐泰,上市,14.04,5.93
9911,櫻花,上市,12.65,6.13
9912,偉聯,上市,,
9914,美利達,上市,19.45,4.17
9917,中保科,上市,15.38,5.88
9918,欣天然,上市,15.92,3.53
9919,康那香,上市,,
9921,巨大,上市,60.71,1.93
9924,福興,上市,10.34,6.62
9925,新保,上市,13.06,5.07
9926,新海,上市,17.12,4.30
9927,泰銘,上市,11.75,7.15
9928,中視,上市,,
9929,秋雨,上市,22.24,
9930,中聯資源,上市,13.62,6.64
9931,欣高,上市,11.74,5.34
9933,中鼎,上市,7.44,2.35
9934,成霖,上市,39.40,1.02
9935,慶豐富,上市,7.37,6.59
9937,全國,上市,21.05,4.07
9938,百和,上市,11.75,7.85
9939,宏全,上市,11.32,4.98
9940,信義,上市,20.31,3.02
9941,裕融,上市,11.17,5.85
9942,茂順,上市,12.38,6.19
9943,好樂迪,上市,12.24,6.97
9944,新麗,上市,27.58,1.75
9945,潤泰新,上市,5.08,3.79
9946,三發地產,上市,3.62,8.19
9949,琉園,上櫃,3.99,9.05
9950,萬國通,上櫃,N/A,0.00
9951,皇田,上櫃,8.27,6.92
9955,佳龍,上市,11.88,
9958,世紀鋼,上市,13.08,4.89
9960,邁達康,上櫃,18.20,3.74
9962,有益,上櫃,45.00,0.00
